Protein name	Synonym(s)	HGNC gene name	HGNC name	Protein_CD_name	Human lectin status	Lectin class	Known lectin group	Lectin fold	Glycan specificity
MRH - mannose-6-phosphate receptor homology domain	Protein OS-9 (Amplified in osteosarcoma 9)	OS9	OS9 endoplasmic reticulum lectin		Curated	P-type lectin-like	P-typeLectins	b-barrel	Man(a1-3)[Man(a1-6)][Man(a1-6)][Man(a1-3)]Man
Laminin subunit alpha-2	Laminin subunit alpha-2 (Laminin M chain) (Laminin-12 subunit alpha) (Laminin-2 subunit alpha) (Laminin-4 subunit alpha) (Merosin heavy chain)	LAMA2	laminin subunit alpha 2		Curated	Laminin G-like		b-sandwich / ConA-like	GlcA(b1-3)Xyl(a1-4)GlcA / Matriglycan on alpha-dystroglycan
CysR - macrophage mannose receptor	Macrophage mannose receptor 1 (MMR) (CD antigen 206)	MRC1	mannose receptor C-type 1	CD206	Curated	Cys-rich man-receptor	Cys-rich man-receptor	b-trefoil	Sulfated GalNAc
ERGIC-53 - lectin, mannose binding 1	Protein ERGIC-53 (ER-Golgi intermediate compartment 53 kDa protein) (Gp58) (Intracellular mannose-specific lectin MR60) (Lectin mannose-binding 1)	LMAN1	lectin, mannose binding 1		Curated	ERGIC-VIP L-type	L-Type Lectins	b-sandwich / ConA-like	Man / Man(a1-2)Man / High mannose N-glycan
SAP - Serum amyloid P-component	Serum amyloid P-component (SAP) (9.5S alpha-1-glycoprotein) [Cleaved into: Serum amyloid P-component(1-203)]	APCS	amyloid P component, serum		Curated	Pentraxin	L-Type Lectins	b-sandwich / ConA-like	Heparin
M-ficolin	Ficolin-1 (Collagen/fibrinogen domain-containing protein 1) (Ficolin-A) (Ficolin-alpha) (M-ficolin)	FCN1	ficolin 1		Curated	Ficolin-like	Ficolins	a/b mixed with b-sheet / Fibrinogen C-ter like	GlcNAc, GalNAc, NeuAc
C-reactive protein	C-reactive protein [Cleaved into: C-reactive protein(1-205)]	CRP	C-reactive protein		Curated	Pentraxin	L-Type Lectins	b-sandwich / ConA-like	Gal / bGal containing oligosaccharides
Trefoil factor 3	Trefoil factor 3 (Intestinal trefoil factor) (hITF) (Polypeptide P1.B) (hP1.B)	TFF3	trefoil factor 3		Curated	Trefoil Factor		peptide	GlcNAc(a1-4)Gal
L-ficolin	Ficolin-2 (37 kDa elastin-binding protein) (Collagen/fibrinogen domain-containing protein 2) (EBP-37) (Ficolin-B) (Ficolin-beta) (Hucolin) (L-ficolin) (Serum lectin p35)	FCN2	ficolin 2		Curated	Ficolin-like	Ficolins	a/b mixed with b-sheet / Fibrinogen C-ter like	GlcNAc
Trefoil factor 1	Trefoil factor 1 (Breast cancer estrogen-inducible protein) (PNR-2) (Polypeptide P1.A) (hP1.A) (Protein pS2)	TFF1	trefoil factor 1		Curated	Trefoil Factor		peptide	GlcNAc(a1-4)Gal
CI-MPR - Cation-independent mannose-6-phosphate receptor	Cation-independent mannose-6-phosphate receptor (CI Man-6-P receptor) (CI-MPR) (M6PR) (300 kDa mannose 6-phosphate receptor) (MPR 300) (Insulin-like growth factor 2 receptor) (Insulin-like growth factor II receptor) (IGF-II receptor) (M6P/IGF2 receptor) (M6P/IGF2R) (CD antigen CD222)	IGF2R	insulin like growth factor 2 receptor	CD222	Curated	P-type lectin	P-Type Lectins	b-barrel	Mannose 6-phosphate
H-ficolin	Ficolin-3 (Collagen/fibrinogen domain-containing lectin 3 p35) (Collagen/fibrinogen domain-containing protein 3) (Hakata antigen)	FCN3	ficolin 3		Curated	Ficolin-like	Ficolins	a/b mixed with b-sheet / Fibrinogen C-ter like	Fuc, Gal
Fibrinogen C domain containing 1	Fibrinogen C domain-containing protein 1	FIBCD1	fibrinogen C domain containing 1		Curated	Ficolin-like		a/b mixed with b-sheet / Fibrinogen C-ter like	ManNAc, GlcNAc
Calreticulin	Calreticulin (CRP55) (Calregulin) (Endoplasmic reticulum resident protein 60) (ERp60) (HACBP) (grp60)	CALR	calreticulin		Curated	Calnexin-calreticulin-like	L-Type Lectins	b-sandwich / ConA-like	Glc(a1-3)Man(a1-2)Man(a1-2)Man / glucosylated N-glycan
CLEC4L - DC-SIGN	CD209 antigen (C-type lectin domain family 4 member L) (Dendritic cell-specific ICAM-3-grabbing non-integrin 1) (DC-SIGN) (DC-SIGN1) (CD antigen CD209)	CD209	CD209 molecule	CD209	Curated	C-type lectin	C-type - Type II transmembrane receptors	a/b mixed / C-type lectin-like	Man, Fuc, GlcNAc / Oligomannose and Lewis oligosaccharides
SIGLEC-5	Sialic acid-binding Ig-like lectin 5 (Siglec-5) (CD33 antigen-like 2) (Obesity-binding protein 2) (OB-BP2) (OB-binding protein 2) (CD antigen CD170)	SIGLEC5	sialic acid binding Ig like lectin 5	CD170	Curated	I-type lectin	I-Type Lectins - CD33-related Siglecs	b-sandwich / Ig-like	NeuAc / Neu5Ac(a2-6)GalNAc
Zymogen granule protein 16	Zymogen granule membrane protein 16 (Zymogen granule protein 16) (hZG16) (Secretory lectin ZG16)	ZG16	zymogen granule protein 16		Curated	Jacalin-like		b-prism I	Man / Man(a1-3)Man / Man-Ser
CLEC4M - DC-SIGNR	C-type lectin domain family 4 member M (CD209 antigen-like protein 1) (DC-SIGN-related protein) (DC-SIGNR) (Dendritic cell-specific ICAM-3-grabbing non-integrin 2) (DC-SIGN2) (Liver/lymph node-specific ICAM-3-grabbing non-integrin) (L-SIGN) (CD antigen CD299)	CLEC4M	C-type lectin domain family 4 member M	CD299	Curated	C-type lectin	C-type - Type II transmembrane receptors	a/b mixed / C-type lectin-like	Man, GlcNAc / Oligomannose
Galectin 8	Galectin-8 (Gal-8) (Po66 carbohydrate-binding protein) (Po66-CBP) (Prostate carcinoma tumor antigen 1) (PCTA-1)	LGALS8	galectin 8		Curated	Galectin	S-Type Lectins - Tandem repeat	b-sandwich / ConA-like	Gal / Gal(b1-4)GlcNAc / Nter : NeuAc(a2-3)Gal(b1-4)GlcNAc
SIGLEC-8	Sialic acid-binding Ig-like lectin 8 (Siglec-8) (Sialoadhesin family member 2) (SAF-2)	SIGLEC8	sialic acid binding Ig like lectin 8	CD329	Curated	I-type lectin	I-Type Lectins - CD33-related Siglecs	b-sandwich / Ig-like	NeuAc / Neu5Ac(a2-6)(6S)Gal(b1-4)GlcNAc
SIGLEC-7	Sialic acid-binding Ig-like lectin 7 (Siglec-7) (Adhesion inhibitory receptor molecule 1) (AIRM-1) (CDw328) (D-siglec) (QA79 membrane protein) (p75) (CD antigen CD328)	SIGLEC7	sialic acid binding Ig like lectin 7	CD328	Curated	I-type lectin	I-Type Lectins - CD33-related Siglecs	b-sandwich / Ig-like	NeuAc / Neu5Ac(a2-8)Neu5Ac(a2-3)Gal
E-selectin	E-selectin (CD62 antigen-like family member E) (Endothelial leukocyte adhesion molecule 1) (ELAM-1) (Leukocyte-endothelial cell adhesion molecule 2) (LECAM2) (CD antigen CD62E)	SELE	selectin E	CD62E	Curated	C-type lectin	C-type - Selectins	a/b mixed / C-type lectin-like	Sialyl Lewis x
Intelectin 1	Intelectin-1 (ITLN-1) (Endothelial lectin HL-1) (Galactofuranose-binding lectin) (Intestinal lactoferrin receptor) (Omentin)	ITLN1	intelectin 1		Curated	Ficolin-like	X-Type Lectins	a/b mixed with b-sheet / Fibrinogen C-ter like	Galf
Galectin 3	Galectin-3 (Gal-3) (35 kDa lectin) (Carbohydrate-binding protein 35) (CBP 35) (Galactose-specific lectin 3) (Galactoside-binding protein) (GALBP) (IgE-binding protein) (L-31) (Laminin-binding protein) (Lectin L-29) (Mac-2 antigen)	LGALS3	galectin 3		Curated	Galectin	S-Type Lectins - Chimeric	b-sandwich / ConA-like	Gal / Oligo LacNAc / Blood group A and B
Galectin 9	Galectin-9 (Gal-9) (Ecalectin) (Tumor antigen HOM-HD-21)	LGALS9	galectin 9		Curated	Galectin	S-Type Lectins - Tandem repeat	b-sandwich / ConA-like	Gal / Gal(b1-4)GlcNAc / poly LacNAc
CLEC4K - Langerin	C-type lectin domain family 4 member K (Langerin) (CD antigen CD207)	CD207	CD207 molecule	CD207	Curated	C-type lectin	C-type - Type II transmembrane receptors	a/b mixed / C-type lectin-like	Man
Galectin 4	Galectin-4 (Gal-4) (Antigen NY-CO-27) (L-36 lactose-binding protein) (L36LBP) (Lactose-binding lectin 4)	LGALS4	galectin 4		Curated	Galectin	S-Type Lectins - Tandem repeat	b-sandwich / ConA-like	Gal / Oligo LacNAc / Blood group A and B
P-selectin	P-selectin (CD62 antigen-like family member P) (Granule membrane protein 140) (GMP-140) (Leukocyte-endothelial cell adhesion molecule 3) (LECAM3) (Platelet activation dependent granule-external membrane protein) (PADGEM) (CD antigen CD62P)	SELP	selectin P	CD62P	Curated	C-type lectin	C-type - Selectins	a/b mixed / C-type lectin-like	Sialyl Lewis x
L-selectin	L-selectin (CD62 antigen-like family member L) (Leukocyte adhesion molecule 1) (LAM-1) (Leukocyte surface antigen Leu-8) (Leukocyte-endothelial cell adhesion molecule 1) (LECAM1) (Lymph node homing receptor) (TQ1) (gp90-MEL) (CD antigen CD62L)	SELL	selectin L	CD62L	Curated	C-type lectin	C-type - Selectins	a/b mixed / C-type lectin-like	Sialyl Lewis x
SP-D - surfactant-associated protein D	Pulmonary surfactant-associated protein D (PSP-D) (SP-D) (Collectin-7) (Lung surfactant protein D)	SFTPD	surfactant protein D		Curated	C-type lectin	C-type - Collectins	a/b mixed / C-type lectin-like	Man, Glc, Hept / High mannose N-glycans / Lipopolysaccharide
Galectin 7	Galectin-7 (Gal-7) (HKL-14) (PI7) (p53-induced gene 1 protein)	LGALS7B	galectin 7B		Curated	Galectin	S-Type Lectins - Prototypical	b-sandwich / ConA-like	Gal / Gal(b1-3)GlcNAc / Fucosylated blood group
MGL - Macrophage Galactose C-type lectin	C-type lectin domain family 10 member A (C-type lectin superfamily member 14) (Macrophage lectin 2) (CD antigen CD301)	CLEC10A	C-type lectin domain containing 10A	CD301	Curated	C-type lectin	C-type - Type II transmembrane receptors	a/b mixed / C-type lectin-like	Gal, GalNAc
Galectin 1	Galectin-1 (Gal-1) (14 kDa laminin-binding protein) (HLBP14) (14 kDa lectin) (Beta-galactoside-binding lectin L-14-I) (Galaptin) (HBL) (HPL) (Lactose-binding lectin 1) (Lectin galactoside-binding soluble 1) (Putative MAPK-activating protein PM12) (S-Lac lectin 1)	LGALS1	galectin 1		Curated	Galectin	S-Type Lectins - Prototypical	b-sandwich / ConA-like	Gal / Gal(b1-4)GlcNAc / poly LacNAc
Mincle	C-type lectin domain family 4 member E (C-type lectin superfamily member 9) (Macrophage-inducible C-type lectin) (MINCLE)	CLEC4E	C-type lectin domain family 4 member E		Curated	C-type lectin	C-type - Type II transmembrane receptors	a/b mixed / C-type lectin-like	Trehalose / Glycolipid
Zymogen granule protein 16 homolog B	Zymogen granule protein 16 homolog B	ZG16B	zymogen granule protein 16B		Curated	Jacalin-like		b-prism I	Streptococcus cell wall
SIGLEC-2	B-cell receptor CD22 (B-lymphocyte cell adhesion molecule) (BL-CAM) (Sialic acid-binding Ig-like lectin 2) (Siglec-2) (T-cell surface antigen Leu-14) (CD antigen CD22)	CD22	CD22 molecule	CD22	Curated	I-type lectin	I-Type Lectins - Siglecs common to mammals	b-sandwich / Ig-like	NeuAc / Neu5Ac(a2-6)Gal(b1-4)(6S)GlcNAc
DCIR Dendritic cell immunoreceptor	C-type lectin domain family 4 member A (C-type lectin DDB27) (C-type lectin superfamily member 6) (Dendritic cell immunoreceptor) (Lectin-like immunoreceptor) (CD antigen CD367)	CLEC4A	C-type lectin domain family 4 member A	CD367	Curated	C-type lectin	C-type - Type II transmembrane receptors	a/b mixed / C-type lectin-like	Man, Fuc, GlcNAc
Dectin-2	C-type lectin domain family 6 member A (C-type lectin superfamily member 10) (Dendritic cell-associated C-type lectin 2) (DC-associated C-type lectin 2) (Dectin-2)	CLEC6A	C-type lectin domain containing 6A		Curated	C-type lectin	C-type - Type II transmembrane receptors	a/b mixed / C-type lectin-like	Man / High mannose N-glycans
Hepatic asialoglycoprotein receptor 1	Asialoglycoprotein receptor 1 (ASGP-R 1) (ASGPR 1) (C-type lectin domain family 4 member H1) (Hepatic lectin H1) (HL-1)	ASGR1	asialoglycoprotein receptor 1		Curated	C-type lectin	C-type - Type II transmembrane receptors	a/b mixed / C-type lectin-like	Gal, GalNAc
Tetranectin	Tetranectin (TN) (C-type lectin domain family 3 member B) (Plasminogen kringle 4-binding protein)	CLEC3B	C-type lectin domain family 3 member B		Curated	C-type lectin	C-type - Tetranectin	a/b mixed / C-type lectin-like	Heparin
Galectin 2	Galectin-2 (Gal-2) (Beta-galactoside-binding lectin L-14-II) (HL14) (Lactose-binding lectin 2) (S-Lac lectin 2)	LGALS2	galectin 2		Curated	Galectin	S-Type Lectins - Prototypical	b-sandwich / ConA-like	Gal
SRCL - Scavenger receptor with CTLD	Collectin-12 (Collectin placenta protein 1) (CL-P1) (hCL-P1) (Nurse cell scavenger receptor 2) (Scavenger receptor class A member 4) (Scavenger receptor with C-type lectin)	COLEC12	collectin subfamily member 12		Curated	C-type lectin	C-type - Collectins	a/b mixed / C-type lectin-like	Fuc / Lewis x / Gal(b1-4)[Fuc(a1-3)]GlcNAc
MBP-C - mannose-binding protein C	Mannose-binding protein C (MBP-C) (Collectin-1) (MBP1) (Mannan-binding protein) (Mannose-binding lectin)	MBL2	mannose binding lectin 2		Curated	C-type lectin	C-type - Collectins	a/b mixed / C-type lectin-like	Man, Fuc / Oligomannose and Lewis oligosaccharides
SIGLEC-3	Myeloid cell surface antigen CD33 (Sialic acid-binding Ig-like lectin 3) (Siglec-3) (gp67) (CD antigen CD33)	CD33	CD33 molecule	CD33	Curated	I-type lectin	I-Type Lectins - CD33-related Siglecs	b-sandwich / Ig-like	NeuAc / Neu5Ac(a2-6)Gal(b1-4)GlcNAc
BDCA-2 - Blood Dendritic Cell Antigen 2	C-type lectin domain family 4 member C (Blood dendritic cell antigen 2) (BDCA-2) (C-type lectin superfamily member 7) (Dendritic lectin) (CD antigen CD303)	CLEC4C	C-type lectin domain family 4 member C	CD303	Curated	C-type lectin	C-type - Type II transmembrane receptors	a/b mixed / C-type lectin-like	Gal / Asialo N-glycans
Collectin-K1	Collectin-11 (Collectin kidney protein 1) (CL-K1)	COLEC11	collectin subfamily member 11		Curated	C-type lectin	C-type - Collectins	a/b mixed / C-type lectin-like	Man, GlcNAc / Man(a1-2)Man / High mannose N-glycans
Endo180 (Mannose receptor C type 2)	C-type mannose receptor 2 (C-type lectin domain family 13 member E) (Endocytic receptor 180) (Macrophage mannose receptor 2) (Urokinase-type plasminogen activator receptor-associated protein) (UPAR-associated protein) (Urokinase receptor-associated protein) (CD antigen CD280)	MRC2	mannose receptor C type 2	CD280	Curated	C-type lectin	C-type - Macrophage Mannose Receptor MMR	a/b mixed / C-type lectin-like	Man, Fuc, GlcNAc
CLEC13D / macrophage mannose receptor	Macrophage mannose receptor 1 (MMR) (C-type lectin domain family 13 member D) (C-type lectin domain family 13 member D-like) (Human mannose receptor) (hMR) (Macrophage mannose receptor 1-like protein 1) (CD antigen CD206)	MRC1	mannose receptor C-type 1	CD206	Curated	C-type lectin	C-type - Macrophage Mannose Receptor MMR	a/b mixed / C-type lectin-like	Man, Fuc, GlcNAc / Oligomannose and Lewis oligosaccharides
HIP - PAP Regenerating family member 3 alpha	Regenerating islet-derived protein 3-alpha (REG-3-alpha) (Hepatointestinal pancreatic protein) (HIP/PAP) (Human proislet peptide) (Pancreatitis-associated protein 1) (Regenerating islet-derived protein III-alpha) (Reg III-alpha) [Cleaved into: Regenerating islet-derived protein 3-alpha 16.5 kDa form; Regenerating islet-derived protein 3-alpha 15 kDa form]	REG3A	regenerating family member 3 alpha		Curated	C-type lectin	C-type - Free C-type Lectin Domains CTLDs	a/b mixed / C-type lectin-like	Chitin / peptidoglycan
Killer cell lectin-like receptor B1	Killer cell lectin-like receptor subfamily B member 1 (C-type lectin domain family 5 member B) (HNKR-P1a) (NKR-P1A) (Natural killer cell surface protein P1A) (CD antigen CD161)	KLRB1	killer cell lectin like receptor B1	CD161	Curated	C-type lectin	C-type - Natural Killer NK	a/b mixed / C-type lectin-like	Gal / Gal(a1-3)Gal
Killer cell lectin-like receptor D member 1	Natural killer cells antigen CD94 (KP43) (Killer cell lectin-like receptor subfamily D member 1) (NK cell receptor) (CD antigen CD94)	KLRD1	killer cell lectin like receptor D1	CD94	Curated	C-type lectin	C-type - Natural Killer NK	a/b mixed / C-type lectin-like	Complex N-glycans / Heparan
Regenerating family member 4	Regenerating islet-derived protein 4 (REG-4) (Gastrointestinal secretory protein) (REG-like protein) (Regenerating islet-derived protein IV) (Reg IV)	REG4	regenerating family member 4		Curated	C-type lectin	C-type - Free C-type Lectin Domains CTLDs	a/b mixed / C-type lectin-like	Man / Mannan
Bone marrow proteoglycan 2	Bone marrow proteoglycan (BMPG) (Proteoglycan 2) [Cleaved into: Eosinophil granule major basic protein (EMBP) (MBP) (Pregnancy-associated major basic protein)]	PRG2	proteoglycan 2, pro eosinophil major basic protein		Curated	C-type lectin	C-type - CTLD/acidic neck	a/b mixed / C-type lectin-like	Heparin
CBM13-ppGalNAc-T2	Polypeptide N-acetylgalactosaminyltransferase 2 (EC 2.4.1.41) (Polypeptide GalNAc transferase 2) (GalNAc-T2) (pp-GaNTase 2) (Protein-UDP acetylgalactosaminyltransferase 2) (UDP-GalNAc:polypeptide N-acetylgalactosaminyltransferase 2) [Cleaved into: Polypeptide N-acetylgalactosaminyltransferase 2 soluble form]	GALNT2	polypeptide N-acetylgalactosaminyltransferase 2		Curated	Ricin-like	R-Type Lectins	b-trefoil	GalNAc / Mucin-type glycopeptide
Paired immunoglobulin-like type 2 receptor alpha	Paired immunoglobulin-like type 2 receptor alpha (Cell surface receptor FDF03) (Inhibitory receptor PILR-alpha)	PILRA	paired immunoglobin like type 2 receptor alpha		Curated	I-type lectin		b-sandwich / Ig-like	Sialylated O-glycans
SIGLEC-15	Sialic acid-binding Ig-like lectin 15 (Siglec-15) (CD33 antigen-like 3)	SIGLEC15	sialic acid binding Ig like lectin 15		Curated	I-type lectin	I-Type Lectins - Siglecs common to mammals	b-sandwich / Ig-like	NeuAc / Neu5Ac(a2-6)GalNAc
YKL-39	Chitinase-3-like protein 2 (Chondrocyte protein 39) (YKL-39)	CHI3L2	chitinase 3 like 2		Curated	chi-lectin TIM	Chilectins	a/b barrel / TIM	GlcNAc(b1-4)GlcNAc / Chitooligosaccharides
Hcgp-39	Chitinase-3-like protein 1 (39 kDa synovial protein) (Cartilage glycoprotein 39) (CGP-39) (GP-39) (hCGP-39) (YKL-40)	CHI3L1	chitinase 3 like 1		Curated	chi-lectin TIM	Chilectins	a/b barrel / TIM	GlcNAc(b1-4)GlcNAc / Chitooligosaccharides
CBM13-ppGalNAc-T7	N-acetylgalactosaminyltransferase 7 (EC 2.4.1.41) (Polypeptide GalNAc transferase 7) (GalNAc-T7) (pp-GaNTase 7) (Protein-UDP acetylgalactosaminyltransferase 7) (UDP-GalNAc:polypeptide N-acetylgalactosaminyltransferase 7)	GALNT7	polypeptide N-acetylgalactosaminyltransferase 7		Curated	Ricin-like	R-Type Lectins	b-trefoil	GalNAc / Mucin-type glycopeptide
CBM13-ppGalNAc-T4	Polypeptide N-acetylgalactosaminyltransferase 4 (EC 2.4.1.41) (Polypeptide GalNAc transferase 4) (GalNAc-T4) (pp-GaNTase 4) (Protein-UDP acetylgalactosaminyltransferase 4) (UDP-GalNAc:polypeptide N-acetylgalactosaminyltransferase 4)	POC1B-GALNT4	POC1B-GALNT4 readthrough		Curated	Ricin-like	R-Type Lectins	b-trefoil	GalNAc / Mucin-type glycopeptide
SI-CLP	Chitinase domain-containing protein 1 (Stabilin-1-interacting chitinase-like protein) (SI-CLP)	CHID1	chitinase domain containing 1		Curated	chi-lectin TIM	Chilectins	a/b barrel / TIM	GlcNAc(b1-4)GlcNAc / Chitooligosaccharides
CBM13-ppGalNAc-T10	Polypeptide N-acetylgalactosaminyltransferase 10 (EC 2.4.1.41) (Polypeptide GalNAc transferase 10) (GalNAc-T10) (pp-GaNTase 10) (Protein-UDP acetylgalactosaminyltransferase 10) (UDP-GalNAc:polypeptide N-acetylgalactosaminyltransferase 10)	GALNT10	polypeptide N-acetylgalactosaminyltransferase 10		Curated	Ricin-like	R-Type Lectins	b-trefoil	GalNAc / Mucin-type glycopeptide
CBM13-ppGalNAc-T12	Polypeptide N-acetylgalactosaminyltransferase 12 (EC 2.4.1.41) (Polypeptide GalNAc transferase 12) (GalNAc-T12) (pp-GaNTase 12) (Protein-UDP acetylgalactosaminyltransferase 12) (UDP-GalNAc:polypeptide N-acetylgalactosaminyltransferase 12)	GALNT12	polypeptide N-acetylgalactosaminyltransferase 12		Curated	Ricin-like	R-Type Lectins	b-trefoil	GalNAc / Mucin-type glycopeptide
CD83	CD83 antigen (hCD83) (B-cell activation protein) (Cell surface protein HB15) (CD antigen CD83)	CD83	CD83 molecule	CD83	Curated	I-type lectin	I-Type Lectins	b-sandwich / Ig-like	NeuAc
Malectin	Malectin	MLEC	malectin		Curated	Malectin		b-sandwich / ConA-like	Glc(2)Man(9)GlcNAc(2)
SIGLEC-4	Myelin-associated glycoprotein (Siglec-4a)	MAG	myelin associated glycoprotein		Curated	I-type lectin	I-Type Lectins - Siglecs common to mammals	b-sandwich / Ig-like	NeuAc / Neu5Ac(a2-3)Gal(b1-3)GalNAc
Calnexin	Calnexin (IP90) (Major histocompatibility complex class I antigen-binding protein p88) (p90)	CANX	calnexin		Curated	Calnexin-calreticulin-like	L-Type Lectins	b-sandwich / ConA-like	Glc(a1-3)Man(a1-2)Man(a1-2)Man / glucosylated N-glycan
VIP36 - lectin, mannose binding 2	Vesicular integral-membrane protein VIP36 (Glycoprotein GP36b) (Lectin mannose-binding 2) (Vesicular integral-membrane protein 36) (VIP36)	LMAN2	lectin, mannose binding 2		Curated	ERGIC-VIP L-type	L-Type Lectins	b-sandwich / ConA-like	Man / Man(a1-2)Man / High mannose N-glycan
SIGLEC-14	Sialic acid-binding Ig-like lectin 14 (Siglec-14)	SIGLEC14	sialic acid binding Ig like lectin 14		Curated	I-type lectin	I-Type Lectins - CD33-related Siglecs	b-sandwich / Ig-like	NeuAc / Neu5Ac(a2-6)GalNAc
Trefoil factor 2	Trefoil factor 2 (Spasmolysin) (Spasmolytic polypeptide) (SP)	TFF2	trefoil factor 2		Curated	Trefoil Factor		peptide	GlcNAc(a1-4)Gal
VIPL - lectin, mannose binding 2	VIP36-like protein (Lectin mannose-binding 2-like) (LMAN2-like protein)	LMAN2L	lectin, mannose binding 2 like		Curated	ERGIC-VIP L-type	L-Type Lectins	b-sandwich / ConA-like	Man / Man(a1-2)Man / High mannose N-glycan
Calmegin	Calmegin	CLGN	calmegin		Curated	Calnexin-calreticulin-like	CalnexinFamily	b-sandwich / ConA-like	Glc(a1-3)Man(a1-2)Man(a1-2)Man / glucosylated N-glycan
SIGLEC-9	Sialic acid-binding Ig-like lectin 9 (Siglec-9) (CDw329) (Protein FOAP-9) (CD antigen CD329)	SIGLEC9	sialic acid binding Ig like lectin 9		Curated	I-type lectin	I-Type Lectins - CD33-related Siglecs	b-sandwich / Ig-like	NeuAc / Neu5Ac(a2-6)Gal(b1-4)[Fuc(a1-3)](6S)GlcNAc
SIGLEC-10	Sialic acid-binding Ig-like lectin 10 (Siglec-10) (Siglec-like protein 2)	SIGLEC10	sialic acid binding Ig like lectin 10		Curated	I-type lectin	I-Type Lectins - CD33-related Siglecs	b-sandwich / Ig-like	NeuAc / Neu5Ac(a2-6)Gal(b1-4)GlcNAc
SIGLEC-11	Sialic acid-binding Ig-like lectin 11 (Sialic acid-binding lectin 11) (Siglec-11)	SIGLEC11	sialic acid binding Ig like lectin 11		Curated	I-type lectin	I-Type Lectins - CD33-related Siglecs	b-sandwich / Ig-like	NeuAc / Neu5Ac(a2-8)Neu5Ac(a2-3)Gal
SIGLEC-16	Sialic acid-binding Ig-like lectin 16 (Siglec-16) (Siglec-P16)	SIGLEC16	sialic acid binding Ig like lectin 16		Curated	I-type lectin	I-Type Lectins - CD33-related Siglecs	b-sandwich / Ig-like	NeuAc / Neu5Ac(a2-8)Neu5Ac(a2-3)Gal
SIGLEC-6	Sialic acid-binding Ig-like lectin 6 (Siglec-6) (CD33 antigen-like 1) (CDw327) (Obesity-binding protein 1) (OB-BP1) (CD antigen CD327)	SIGLEC6	sialic acid binding Ig like lectin 6	CD327	Curated	I-type lectin	I-Type Lectins - CD33-related Siglecs	b-sandwich / Ig-like	NeuAc / Neu5Ac(a2-6)GalNAc
Endoplasmic reticulum lectin 1	Endoplasmic reticulum lectin 1 (ER lectin) (Erlectin) (XTP3-transactivated gene B protein)	ERLEC1	endoplasmic reticulum lectin 1		Curated	P-type lectin-like	P-typeLectins	b-barrel	Man(a1-3)[Man(a1-6)][Man(a1-6)][Man(a1-3)]Man
SIGLEC-1	Sialoadhesin (Sialic acid-binding Ig-like lectin 1) (Siglec-1) (CD antigen CD169)	SIGLEC1	sialic acid binding Ig like lectin 1	CD169	Curated	I-type lectin	I-Type Lectins - Siglecs common to mammals	b-sandwich / Ig-like	NeuAc / Neu5Ac(a2-3)Gal(b1-4)GlcNAc
CLEC4H2 - Asialoglycoprotein receptor 2	Asialoglycoprotein receptor 2 (ASGP-R 2) (ASGPR 2) (C-type lectin domain family 4 member H2) (Hepatic lectin H2) (HL-2)	ASGR2	asialoglycoprotein receptor 2		Curated	C-type lectin	C-type - Type II transmembrane receptors	a/b mixed / C-type lectin-like	Gal, GalNAc
LSECtin	C-type lectin domain family 4 member G (Liver and lymph node sinusoidal endothelial cell C-type lectin) (LSECtin)	CLEC4G	C-type lectin domain family 4 member G		Curated	C-type lectin	C-type - Type II transmembrane receptors	a/b mixed / C-type lectin-like	Man, Fuc, GlcNAc
Prolectin	C-type lectin domain family 17, member A (Prolectin)	CLEC17A	C-type lectin domain containing 17A		Curated	C-type lectin	C-type - Others	a/b mixed / C-type lectin-like	Man, Fuc / Lewis oligosaccharides
Versican	Versican core protein (Chondroitin sulfate proteoglycan core protein 2) (Chondroitin sulfate proteoglycan 2) (Glial hyaluronate-binding protein) (GHAP) (Large fibroblast proteoglycan) (PG-M)	VCAN	versican		Curated	C-type lectin	C-type - Proteoglycans or lecticans	a/b mixed / C-type lectin-like	Hyaluronan
CLEC4H1 - Aggrecan	Aggrecan core protein (Cartilage-specific proteoglycan core protein) (CSPCP) (Chondroitin sulfate proteoglycan core protein 1) (Chondroitin sulfate proteoglycan 1) [Cleaved into: Aggrecan core protein 2]	ACAN	aggrecan		Curated	C-type lectin	C-type - Proteoglycans or lecticans	a/b mixed / C-type lectin-like	Hyaluronan
Brevican	Brevican core protein (Brain-enriched hyaluronan-binding protein) (BEHAB) (Chondroitin sulfate proteoglycan 7)	BCAN	brevican		Curated	C-type lectin	C-type - Proteoglycans or lecticans	a/b mixed / C-type lectin-like	Hyaluronan
CD-MPR - Cation-dependent mannose-6-phosphate receptor	Cation-dependent mannose-6-phosphate receptor (CD Man-6-P receptor) (CD-MPR) (46 kDa mannose 6-phosphate receptor) (MPR 46)	M6PR	mannose-6-phosphate receptor, cation dependent		Curated	P-type lectin	P-Type Lectins	b-barrel	Mannose 6-phosphate
Neurocan	Neurocan core protein (Chondroitin sulfate proteoglycan 3)	NCAN	neurocan		Curated	C-type lectin	C-type - Proteoglycans or lecticans	a/b mixed / C-type lectin-like	Hyaluronan
Collectin-L1	Collectin-10 (Collectin liver protein 1) (CL-L1) (Collectin-34) (CL-34)	COLEC10	collectin subfamily member 10		Curated	C-type lectin	C-type - Collectins	a/b mixed / C-type lectin-like	Fuc, Man, GlcNAc
Regenerating family member 3 gamma	Regenerating islet-derived protein 3-gamma (REG-3-gamma) (Pancreatitis-associated protein 1B) (PAP-1B) (Pancreatitis-associated protein IB) (PAP IB) (Regenerating islet-derived protein III-gamma) (REG III) (Reg III-gamma) [Cleaved into: Regenerating islet-derived protein 3-gamma 16.5 kDa form; Regenerating islet-derived protein 3-gamma 15 kDa form]	REG3G	regenerating family member 3 gamma		Curated	C-type lectin	C-type - Free C-type Lectin Domains CTLDs	a/b mixed / C-type lectin-like	Chitin / peptidoglycan
Dectin-1	C-type lectin domain family 7 member A (Beta-glucan receptor) (C-type lectin superfamily member 12) (Dendritic cell-associated C-type lectin 1) (DC-associated C-type lectin 1) (Dectin-1) (CD antigen CD369)	CLEC7A	C-type lectin domain containing 7A	CD369	Curated	C-type lectin	C-type - Natural Killer NK	a/b mixed / C-type lectin-like	b-glucans
SP-A1 - surfactant-associated protein A1	Pulmonary surfactant-associated protein A1 (PSP-A) (PSPA) (SP-A) (SP-A1) (35 kDa pulmonary surfactant-associated protein) (Alveolar proteinosis protein) (Collectin-4)	SFTPA1	surfactant protein A1		Curated	C-type lectin	C-type - Collectins	a/b mixed / C-type lectin-like	Man, Fuc, Gal / Glycosphingolipids
Kupffer Cell receptor	C-type lectin domain family 4 member F (C-type lectin superfamily member 13) (C-type lectin 13)	CLEC4F	C-type lectin domain family 4 member F		Curated	C-type lectin	C-type - Type II transmembrane receptors	a/b mixed / C-type lectin-like	Gal, Fuc, GlcNAc
Layilin	Layilin	LAYN	layilin		Curated	C-type lectin	C-type - Type I receptors	a/b mixed / C-type lectin-like	Hyaluronan
CBM13-ppGalNAc-T1	Polypeptide N-acetylgalactosaminyltransferase 1 (EC 2.4.1.41) (Polypeptide GalNAc transferase 1) (GalNAc-T1) (pp-GaNTase 1) (Protein-UDP acetylgalactosaminyltransferase 1) (UDP-GalNAc:polypeptide N-acetylgalactosaminyltransferase 1) [Cleaved into: Polypeptide N-acetylgalactosaminyltransferase 1 soluble form]	GALNT1	polypeptide N-acetylgalactosaminyltransferase 1		Curated	Ricin-like	R-Type Lectins	b-trefoil	GalNAc / Mucin-type glycopeptide
L1 cell adhesion molecule	Neural cell adhesion molecule L1 (N-CAM-L1) (NCAM-L1) (CD antigen CD171)	L1CAM	L1 cell adhesion molecule	CD171	Curated	I-type lectin	I-Type Lectins	b-sandwich / Ig-like	NeuAc
CBM13-ppGalNAc-T13	Polypeptide N-acetylgalactosaminyltransferase 13 (EC 2.4.1.41) (Polypeptide GalNAc transferase 13) (GalNAc-T13) (pp-GaNTase 13) (Protein-UDP acetylgalactosaminyltransferase 13) (UDP-GalNAc:polypeptide N-acetylgalactosaminyltransferase 13)	GALNT13	polypeptide N-acetylgalactosaminyltransferase 13		Curated	Ricin-like	R-Type Lectins	b-trefoil	GalNAc / Mucin-type glycopeptide
CBM13-ppGalNAc-T16	Polypeptide N-acetylgalactosaminyltransferase 16 (EC 2.4.1.41) (Polypeptide GalNAc transferase 16) (GalNAc-T16) (Polypeptide GalNAc transferase-like protein 1) (GalNAc-T-like protein 1) (pp-GaNTase-like protein 1) (Polypeptide N-acetylgalactosaminyltransferase-like protein 1) (Protein-UDP acetylgalactosaminyltransferase-like protein 1) (UDP-GalNAc:polypeptide N-acetylgalactosaminyltransferase-like protein 1)	GALNT16	polypeptide N-acetylgalactosaminyltransferase 16		Curated	Ricin-like	R-Type Lectins	b-trefoil	GalNAc / Mucin-type glycopeptide
CBM13-ppGalNAc-T3	Polypeptide N-acetylgalactosaminyltransferase 3 (EC 2.4.1.41) (Polypeptide GalNAc transferase 3) (GalNAc-T3) (pp-GaNTase 3) (Protein-UDP acetylgalactosaminyltransferase 3) (UDP-GalNAc:polypeptide N-acetylgalactosaminyltransferase 3)	GALNT3	polypeptide N-acetylgalactosaminyltransferase 3		Curated	Ricin-like	R-Type Lectins	b-trefoil	GalNAc / Mucin-type glycopeptide
CBM13-ppGalNAc-T14	Polypeptide N-acetylgalactosaminyltransferase 14 (EC 2.4.1.41) (Polypeptide GalNAc transferase 14) (GalNAc-T14) (pp-GaNTase 14) (Protein-UDP acetylgalactosaminyltransferase 14) (UDP-GalNAc:polypeptide N-acetylgalactosaminyltransferase 14)	GALNT14	polypeptide N-acetylgalactosaminyltransferase 14		Curated	Ricin-like	R-Type Lectins	b-trefoil	GalNAc / Mucin-type glycopeptide
CBM13-ppGalNAc-T15	Polypeptide N-acetylgalactosaminyltransferase 15 (EC 2.4.1.41) (Polypeptide GalNAc transferase-like protein 2) (GalNAc-T-like protein 2) (pp-GaNTase-like protein 2) (Polypeptide N-acetylgalactosaminyltransferase-like protein 2) (Protein-UDP acetylgalactosaminyltransferase-like protein 2) (UDP-GalNAc:polypeptide N-acetylgalactosaminyltransferase-like protein 2)	GALNT15	polypeptide N-acetylgalactosaminyltransferase 15		Curated	Ricin-like	R-Type Lectins	b-trefoil	GalNAc / Mucin-type glycopeptide
CBM13-ppGalNAc-T18	Polypeptide N-acetylgalactosaminyltransferase 18 (EC 2.4.1.41) (Polypeptide GalNAc transferase 18) (GalNAc-T18) (Polypeptide GalNAc transferase-like protein 4) (GalNAc-T-like protein 4) (pp-GaNTase-like protein 4) (Polypeptide N-acetylgalactosaminyltransferase-like protein 4) (Protein-UDP acetylgalactosaminyltransferase-like protein 4) (UDP-GalNAc:polypeptide N-acetylgalactosaminyltransferase-like protein 4)	GALNT18	polypeptide N-acetylgalactosaminyltransferase 18		Curated	Ricin-like	R-Type Lectins	b-trefoil	GalNAc / Mucin-type glycopeptide
CBM13-ppGalNAc-T6	Polypeptide N-acetylgalactosaminyltransferase 6 (EC 2.4.1.41) (Polypeptide GalNAc transferase 6) (GalNAc-T6) (pp-GaNTase 6) (Protein-UDP acetylgalactosaminyltransferase 6) (UDP-GalNAc:polypeptide N-acetylgalactosaminyltransferase 6)	GALNT6	polypeptide N-acetylgalactosaminyltransferase 6		Curated	Ricin-like	R-Type Lectins	b-trefoil	GalNAc / Mucin-type glycopeptide
CBM13-ppGalNAc-TL6	Polypeptide N-acetylgalactosaminyltransferase-like 6 (EC 2.4.1.41) (Polypeptide GalNAc transferase 17) (GalNAc-T17) (pp-GaNTase 17) (Protein-UDP acetylgalactosaminyltransferase 17) (Putative polypeptide N-acetylgalactosaminyltransferase 17) (UDP-GalNAc:polypeptide N-acetylgalactosaminyltransferase 17)	GALNTL6	polypeptide N-acetylgalactosaminyltransferase like 6		Curated	Ricin-like		b-trefoil	GalNAc / Mucin-type glycopeptide
CBM13-ppGalNAc-T5	Polypeptide N-acetylgalactosaminyltransferase 5 (EC 2.4.1.41) (Polypeptide GalNAc transferase 5) (GalNAc-T5) (pp-GaNTase 5) (Protein-UDP acetylgalactosaminyltransferase 5) (UDP-GalNAc:polypeptide N-acetylgalactosaminyltransferase 5)	GALNT5	polypeptide N-acetylgalactosaminyltransferase 5		Curated	Ricin-like	R-Type Lectins	b-trefoil	GalNAc / Mucin-type glycopeptide
CBM13-ppGalNAc-T17	Polypeptide N-acetylgalactosaminyltransferase 17 (EC 2.4.1.41) (Polypeptide GalNAc transferase-like protein 3) (GalNAc-T-like protein 3) (pp-GaNTase-like protein 3) (Protein-UDP acetylgalactosaminyltransferase-like protein 3) (UDP-GalNAc:polypeptide N-acetylgalactosaminyltransferase-like protein 3) (Williams-Beuren syndrome chromosomal region 17 protein)	GALNT17	polypeptide N-acetylgalactosaminyltransferase 17		Curated	Ricin-like	R-Type Lectins	b-trefoil	GalNAc / Mucin-type glycopeptide
CBM13-ppGalNAc-T11	Polypeptide N-acetylgalactosaminyltransferase 11 (EC 2.4.1.41) (Polypeptide GalNAc transferase 11) (GalNAc-T11) (pp-GaNTase 11) (Protein-UDP acetylgalactosaminyltransferase 11) (UDP-GalNAc:polypeptide N-acetylgalactosaminyltransferase 11)	GALNT11	polypeptide N-acetylgalactosaminyltransferase 11		Curated	Ricin-like	R-Type Lectins	b-trefoil	GalNAc / Mucin-type glycopeptide
CBM13-ppGalNAc-T9	Polypeptide N-acetylgalactosaminyltransferase 9 (EC 2.4.1.41) (Polypeptide GalNAc transferase 9) (GalNAc-T9) (pp-GaNTase 9) (Protein-UDP acetylgalactosaminyltransferase 9) (UDP-GalNAc:polypeptide N-acetylgalactosaminyltransferase 9)	GALNT9	polypeptide N-acetylgalactosaminyltransferase 9		Curated	Ricin-like	R-Type Lectins	b-trefoil	GalNAc / Mucin-type glycopeptide
CBM13-ppGalNAc-T8	Probable polypeptide N-acetylgalactosaminyltransferase 8 (EC 2.4.1.41) (Polypeptide GalNAc transferase 8) (GalNAc-T8) (pp-GaNTase 8) (Protein-UDP acetylgalactosaminyltransferase 8) (UDP-GalNAc:polypeptide N-acetylgalactosaminyltransferase 8)	GALNT8	polypeptide N-acetylgalactosaminyltransferase 8		Curated	Ricin-like	R-Type Lectins	b-trefoil	GalNAc / Mucin-type glycopeptide
F-box protein 2	F-box only protein 2 (FBG1) (Fbs1)	FBXO2	F-box protein 2		Curated	F-box associated domain	F-Box Lectins	b-sandwich / Galactose-binding domain-like	Man(a1-3)[Man(a1-6)]Man(b1-4)GlcNAc(b1-4)GlcNAc
